{"AAPL": 0.0023391451352526293, "MSFT": -0.0014830342771960025, "META": 0.005518094267735661, "TMUS": 0.006361106795164931, "JPM": 0.008315754138887478, "BAC": 0.004239278545549014, "UNH": 0.00685404325925759, "XOM": -0.00011486770096360407, "AMZN": -0.003513471220697319, "NKE": -0.0010702316968676788, "GE": 0.013648833869066918}