{"PANW": -0.008012698738491449, "ENPH": -0.012557170366394942, "DECK": -0.03719491593714954, "EXAS": -0.004849930316573668, "NET": 0.022292212767550015, "CTRA": -0.004421153063674787, "LPLA": 0.008024763087077587, "CUBE": -0.0031217954234277253}